"game_type","total_stakes","total_winnings","ggr","hold_pct"
"Cash Games",29105646.91,28424394.40,681252.51,2.34
"Tournaments",3662849.04697,3251999.07729,410849.96968,11.22
